name,molecule_chembl_id,smiles,ic50_nM
PEPSTATIN,CHEMBL296588,CC(C)CC(=O)N[C@H](C(=O)N[C@H](C(=O)N[C@@H](CC(C)C)[C@@H](O)CC(=O)N[C@@H](C)C(=O)N[C@@H](CC(C)C)[C@@H](O)CC(=O)O)C(C)C)C(C)C,0.05
CHEMBL2181022,CHEMBL2181022,COC(=O)[C@@H]1CCCN1C(=O)[C@@H](Cc1ccccc1)N(C)C(=O)[C@H](C)NC(=O)[C@H](CC(C)C)NC(=O)C[C@H](O)[C@H](Cc1ccccc1)NC(=O)[C@H](CCC(N)=O)N(C)C(=O)[C@@H](NC(=O)OCc1ccccc1)C(C)C,0.0783
CHEMBL2181024,CHEMBL2181024,COC(=O)[C@@H]1CCCN1C(=O)[C@@H](Cc1ccccc1)N(C)C(=O)[C@H](C)NC(=O)[C@H](CC(C)C)NC(=O)C[C@H](O)[C@H](Cc1ccccc1)NC(=O)[C@H](CCC(N)=O)N(C)C(=O)[C@@H](NC(=O)OC(C)(C)C)C(C)C,0.126
CHEMBL5192597,CHEMBL5192597,COC(=O)[C@@H]1CCCN1C(=O)[C@@H](Cc1ccc(O)cc1)N(C)C(=O)[C@H](C)NC(=O)[C@H](CC(C)C)NC(=O)C[C@H](O)[C@H](Cc1ccccc1)NC(=O)[C@H](CCC(N)=O)N(C)C(=O)[C@@H](NC(=O)OCc1ccccc1)C(C)C,0.178
CHEMBL5569371,CHEMBL5569371,CC(C)CC(=O)N[C@H](CCSC(F)(F)F)C(=O)N[C@H](C(=O)N[C@@H](CC(C)C)[C@@H](O)CC(=O)N[C@@H](C)C(=O)N[C@@H](CC(C)C)[C@@H](O)CC(=O)O)C(C)C,0.4
CHEMBL257594,CHEMBL257594,Cc1ccc2c(NNC(=O)c3ccccc3O)c3ccccc3nc2c1C,0.5
CHEMBL4576166,CHEMBL4576166,CC(C)[C@@H]1NC(=O)C[C@H](O)[C@H](Cc2ccc3ccccc3c2)NC(=O)CCCCCCCCCCCNC1=O,0.6
CHEMBL1076907,CHEMBL1076907,CSCC[C@H](NC(=O)[C@@H](NC(=O)OC(C)(C)C)C(C)C)C(=O)N[C@@H](COCc1cc(F)cc(F)c1)[C@@H](O)C[C@@H](C)C(=O)N[C@H](C(=O)NCc1ccccc1)C(C)C,0.63
CHEMBL81927,CHEMBL81927,COc1cc(Br)c(C(=O)N[C@@H](Cc2cccc(Oc3ccccc3)c2)[C@@H](O)CN(CCc2ccc(Cl)cc2Cl)C(=O)CCN2C(=O)c3ccccc3C2=O)cc1OC,0.7
CHEMBL2407339,CHEMBL2407339,C=CCCCC(=O)N[C@@H](Cc1cccc(CC=C)c1)[C@H](O)CN[C@H]1CC2(CCC2)Oc2ncc(CC(C)(C)C)cc21,0.84
CHEMBL3939441,CHEMBL3939441,CC[C@H](C)[C@H](NC(=O)C[C@H](N)[C@H](Cc1ccccc1)NC(=O)[C@@H](NC(=O)[C@H](Cc1ccccc1)NC(=O)OC(C)(C)C)C(C)C)C(=O)N[C@H](C(=O)OC)C(C)C,1.0
CHEMBL558488,CHEMBL558488,CC(C)c1ccc2c(c1)[C@@H](NC[C@@H](O)[C@@H]1C[C@H](C)CCCCCCCCC(=O)N(C)[C@@H](C)C(=O)N1)CC(C)(C)O2,1.0
CHEMBL595066,CHEMBL595066,COCc1cc2cc(c1)C(=O)N[C@H]([C@H](O)CNC1(c3cccc(C(C)C)c3)CC1)Cc1cccc(c1)OCCCCN2,1.0
CHEMBL2408751,CHEMBL2408751,CCC[C@@]1(C)C[C@H](NC[C@@H](O)[C@H](Cc2cc(F)cc(F)c2)NC(C)=O)c2cc(CC(C)(C)C)ccc2O1,1.0
CHEMBL4558691,CHEMBL4558691,O=C1C[C@H](O)[C@H](Cc2ccccc2)NC(=O)CCCCCCCCCCCNC(=O)[C@H](Cc2cccnc2)N1,1.1
CHEMBL2407340,CHEMBL2407340,C=CCc1cccc(C[C@H](NC(=O)c2cc(Br)c(=O)n(CC=C)c2)[C@H](O)CN[C@H]2CC3(CCC3)Oc3ccc(CC)cc32)c1,2.0
CHEMBL5571122,CHEMBL5571122,CC(C)CC(=O)N[C@@H](C(=O)N[C@H](C(=O)N[C@@H](CC(C)C)[C@@H](O)CC(=O)N[C@@H](C)C(=O)N[C@@H](CC(C)C)[C@@H](O)CC(=O)O)C(C)C)C(C)C,2.0
CHEMBL2030998,CHEMBL2030998,CC(=O)N[C@@H](Cc1cc(F)cc(F)c1)[C@H](O)CN[C@H]1CC2(CCC2)Oc2ncc(CC(C)(C)C)cc21,2.0
CHEMBL2407491,CHEMBL2407491,CC(C)(C)Cc1cnc2c(c1)[C@@H](NC[C@@H](O)[C@@H]1Cc3cccc(c3)CCCCn3cc(ccc3=O)C(=O)N1)CC1(CCC1)O2,2.0
CHEMBL2407492,CHEMBL2407492,CC(C)(C)Cc1cnc2c(c1)[C@@H](NC[C@@H](O)[C@@H]1Cc3cccc(c3)CCCn3cc(ccc3=O)C(=O)N1)CC1(CCC1)O2,2.0
CHEMBL2408752,CHEMBL2408752,CCC[C@]1(C)C[C@H](NC[C@@H](O)[C@H](Cc2cc(F)cc(F)c2)NC(C)=O)c2cc(CC(C)(C)C)ccc2O1,2.0
CHEMBL4514021,CHEMBL4514021,CC(C)[C@@H]1NC(=O)C[C@H](O)[C@H](Cc2ccccc2)NC(=O)OCCCCCCCCCCCNC1=O,2.5
CHEMBL2030997,CHEMBL2030997,CC(=O)N[C@@H](Cc1ccc(F)cc1)[C@H](O)CN[C@H]1CC2(CCC2)Oc2ncc(CC(C)(C)C)cc21,3.0
CHEMBL595267,CHEMBL595267,COCc1cc2cc(n1)OCCCCOc1cccc(c1)C[C@@H]([C@H](O)CNC1(c3cccc(C(C)C)c3)CC1)NC2=O,3.0
CHEMBL4444244,CHEMBL4444244,CC(C)[C@@H]1NC(=O)C[C@H](O)[C@H](Cc2ccc(F)c(F)c2)NC(=O)CCCCCCCCCCCNC1=O,3.1
CHEMBL3937937,CHEMBL3937937,CC[C@H](C)[C@H](NC(=O)C[C@H](N)[C@H](Cc1ccccc1)NC(=O)[C@@H](NC(=O)Cc1cccc(OC(F)(F)F)c1)[C@@H](C)CC)C(=O)N[C@H](C(=O)O)C(C)C,3.2
CHEMBL570165,CHEMBL570165,CC(=O)N[C@@H](Cc1cc(F)cc(F)c1)[C@H](O)CNC1(c2cccc(C(C)(C)C)c2)CCCN(C(=O)OCc2ccccc2)C1,3.3
CHEMBL4560400,CHEMBL4560400,CC(C)[C@@H]1NC(=O)C[C@H](O)[C@H](Cc2ccccc2)NC(=O)CCCCCCCCCCCCNC1=O,3.5
CHEMBL3936223,CHEMBL3936223,CC[C@H](C)[C@H](NC(=O)C[C@H](N)[C@H](Cc1ccccc1)NC(=O)[C@@H](NC(=O)[C@H](Cc1ccccc1)NC(=O)CC(C)C)C(C)C)C(=O)N[C@H](CO)C(C)C,3.6
CHEMBL3932378,CHEMBL3932378,COC(=O)[C@@H](NC(=O)[C@H](Cc1cccc2ccccc12)NC(=O)C[C@H](N)[C@H](Cc1ccccc1)NC(=O)[C@@H](NC(=O)[C@H](CC(C)C)NC(=O)CC(C)C)C(C)C)C(C)C,3.7
CHEMBL4532529,CHEMBL4532529,CC[C@@H](C)[C@@H]1NC(=O)C[C@H](O)[C@H](Cc2ccccc2)NC(=O)CCCCCCCCCCCNC1=O,3.8
CHEMBL5408887,CHEMBL5408887,C[C@H]1C[C@@H](N2C(=N)N[C@](C)(c3cccc(-c4ccc5ncn(CC(F)(F)F)c5c4)c3Cl)CC2=O)CCO1,3.9
CHEMBL3954566,CHEMBL3954566,CC[C@H](C)[C@H](NC(=O)C[C@H](N)[C@H](Cc1ccccc1)NC(=O)[C@@H](NC(=O)[C@H](Cc1ccccc1)NC(=O)CC(C)C)C(C)C)C(=O)N[C@H](C(=O)OC)C(C)C,3.9
CHEMBL2031142,CHEMBL2031142,CC(=O)N[C@@H](Cc1ccc(F)c(F)c1)[C@H](O)CN[C@H]1C[C@]2(C[C@@H](C)C2)Oc2ncc(CC(C)(C)C)cc21,4.0
CHEMBL2030996,CHEMBL2030996,CC(=O)N[C@@H](Cc1cccc(F)c1)[C@H](O)CN[C@H]1CC2(CCC2)Oc2ncc(CC(C)(C)C)cc21,4.0
CHEMBL4754691,CHEMBL4754691,CNS(=O)(=O)c1ccc(C)c(NC(=O)[C@@H](CC2CCCCC2)NC(=N)NC(=O)Cc2ccc(OC)c(OC)c2)c1.O=C(O)C(F)(F)F,4.0
CHEMBL3898404,CHEMBL3898404,CC[C@H](C)[C@H](NC(=O)C[C@H](N)[C@H](Cc1ccccc1)NC(=O)[C@@H](NC(=O)[C@H](Cc1ccccc1)NC(=O)CC(C)C)C(C)C)C(=O)N[C@H](C(=O)O)C(C)C,4.1
CHEMBL4569563,CHEMBL4569563,CC(C)[C@@H]1NC(=O)C[C@H](O)[C@H](Cc2ccc(Cl)c(Cl)c2)NC(=O)CCCCCCCCCCCNC1=O,4.2
CHEMBL2407487,CHEMBL2407487,CC(C)(C)Cc1cnc2c(c1)[C@@H](NC[C@@H](O)[C@@H]1Cc3cccc(c3)CCCCCCC(=O)N1)CC1(CCC1)O2,4.3
CHEMBL2151151,CHEMBL2151151,CC(=O)N[C@@H](Cc1ccccc1)[C@H](O)CN[C@H]1CC2(CCC2)Oc2ncc(CC(C)(C)C)cc21,4.5
CHEMBL4551750,CHEMBL4551750,CC(C)[C@@H]1NC(=O)C[C@H](O)[C@H](Cc2ccc(F)cc2)NC(=O)CCCCCCCCCCCNC1=O,4.7
CHEMBL5179569,CHEMBL5179569,CC(C)C[C@H](NC(=O)C[C@H](O)[C@H](Cc1ccccc1)NC(=O)[C@H](CCC(N)=O)N(C)C(=O)[C@@H](NC(=O)OCc1ccccc1)C(C)C)C(=O)N[C@@H](C)C(=O)N(C)[C@H](Cc1ccccc1)C(=O)N1CCC[C@H]1C(=O)O,4.89
CHEMBL2408753,CHEMBL2408753,COC[C@@]1(C)C[C@H](NC[C@@H](O)[C@H](Cc2cc(F)cc(F)c2)NC(C)=O)c2cc(CC(C)(C)C)ccc2O1,5.0
CHEMBL4751867,CHEMBL4751867,CNS(=O)(=O)c1ccc(C)c(NC(=O)[C@@H](CC2CCCCC2)NC(=N)NC(=O)Cc2ccc(OC)c(Cl)c2)c1.O=C(O)C(F)(F)F,5.0
CHEMBL2031000,CHEMBL2031000,CC(=O)N[C@@H](Cc1ccc(F)cc1)[C@H](O)CN[C@H]1C[C@]2(CC[C@@H]2C)Oc2ncc(CC(C)(C)C)cc21,5.0
CHEMBL3961449,CHEMBL3961449,CC[C@H](C)[C@H](NC(=O)C[C@H](N)[C@H](Cc1ccccc1)NC(=O)[C@@H](NC(=O)[C@H](CC(C)C)NC(=O)CC(C)C)C(C)C)C(=O)N[C@H](C(=O)OC)C(C)C,5.1
CHEMBL4163078,CHEMBL4163078,CC[C@H](C)[C@H](NC(=O)C[C@H](O)[C@H](CC(C)C)NC(=O)[C@H](CCC(N)=O)N(C)C(=O)[C@H](CC(C)C)NC(=O)[C@H](C)OC(=O)[C@H](Cc1ccccc1)N(C)C)C(=O)N[C@@H](C)C(=O)N(C)[C@H](Cc1ccccc1)C(=O)N1CCC[C@H]1C(=O)OC,5.5
CHEMBL3901700,CHEMBL3901700,COC(=O)[C@@H](NC(=O)[C@H](Cc1ccccc1)NC(=O)C[C@H](N)[C@H](Cc1ccccc1)NC(=O)[C@@H](NC(=O)[C@H](CC(C)C)NC(=O)CC(C)C)C(C)C)C(C)C,5.7
CHEMBL4576319,CHEMBL4576319,CC(C)[C@@H]1NC(=O)C[C@H](O)[C@H](Cc2ccccc2)NC(=O)CCCCCCCCCCCNC1=O,5.8
CHEMBL2181011,CHEMBL2181011,COC(=O)[C@@H]1CCCN1C(=O)[C@@H](Cc1ccccc1)N(C)C(=O)[C@H](C)NC(=O)[C@H](CC(C)C)NC(=O)C[C@H](O)[C@H](Cc1ccccc1)NC(=O)c1cc(C(=O)N[C@H](C)c2ccccc2)cc(N(C)S(C)(=O)=O)c1,5.84
CHEMBL2408755,CHEMBL2408755,CC(=O)N[C@@H](Cc1cc(F)cc(F)c1)[C@H](O)CN[C@H]1CC2(CC2)Oc2ccc(CC(C)(C)C)cc21,6.0
CHEMBL78946,CHEMBL78946,CC(C)C[C@H](NC(=O)[C@H](CC(N)=O)NC(=O)[C@@H](NC(=O)[C@@H](N)CCC(=O)O)C(C)C)[C@@H](O)C[C@@H](C)C(=O)N[C@@H](C)C(=O)N[C@@H](CCC(=O)O)C(=O)N[C@@H](Cc1ccccc1)C(=O)O,6.0
CHEMBL3928780,CHEMBL3928780,CC[C@H](C)[C@H](NC(=O)C[C@H](N)[C@H](Cc1ccccc1)NC(=O)[C@@H](NC(=O)[C@H](CC(C)C)NC(=O)CC(C)C)C(C)C)C(=O)N[C@H](CO)C(C)C,6.2
CHEMBL2407496,CHEMBL2407496,C=CCCCC(=O)N[C@@H](Cc1cccc(CC=C)c1)[C@H](O)CN[C@H]1CC2(CCC2)Oc2ccc(CC)cc21,6.3
CHEMBL4783048,CHEMBL4783048,COc1ccc(CC(=O)NC(=N)N[C@H](CC2CCCCC2)C(=O)Nc2cc(S(N)(=O)=O)ccc2C)cc1OC.O=C(O)C(F)(F)F,7.0
GRASSYSTATIN B,CHEMBL568553,CC[C@H](NC(=O)[C@@H](NC(=O)C[C@H](O)[C@H](CC(C)C)NC(=O)[C@H](CC(N)=O)NC(=O)[C@H](CC(C)C)NC(=O)[C@H](OC(=O)[C@@H](OC(=O)[C@H](C(C)C)N(C)C)C(C)C)C(C)C)[C@@H](C)O)C(=O)N(C)[C@H](Cc1ccccc1)C(=O)N1CCC[C@H]1C(=O)OC,7.3
CHEMBL2181013,CHEMBL2181013,COC(=O)[C@@H]1CCCN1C(=O)[C@@H](Cc1ccccc1)N(C)C(=O)[C@H](C)NC(=O)[C@H](CC(C)C)NC(=O)C[C@H](O)[C@H](Cc1ccccc1)NC(=O)[C@H](CCC(N)=O)NC(C)=O,7.81
CHEMBL4779266,CHEMBL4779266,CCN(CC)S(=O)(=O)c1ccc(C)c(NC(=O)[C@@H](CC2CCCCC2)NC(=N)NC(=O)Cc2ccc(OC)c(OC)c2)c1.O=C(O)C(F)(F)F,8.0
CHEMBL2408757,CHEMBL2408757,CC(=O)N[C@@H](Cc1cc(F)cc(F)c1)[C@H](O)CN[C@H]1CC(C)(C)Oc2ccc(CC(C)(C)C#N)cc21,8.0
CHEMBL2031140,CHEMBL2031140,CC(=O)N[C@@H](Cc1ccc(F)cc1)[C@H](O)CN[C@H]1C[C@]2(C[C@@H](C)C2)Oc2ncc(CC(C)(C)C)cc21,8.0
CHEMBL2408760,CHEMBL2408760,CC(=O)N[C@@H](Cc1cc(F)cc(F)c1)[C@H](O)CN[C@H]1CCCc2ccc(CC(C)(C)C)cc21,8.0
CHEMBL4794632,CHEMBL4794632,CCCC[C@@H](NC(=N)NC(=O)Cc1ccc(OC)c(OC)c1)C(=O)Nc1cc(S(N)(=O)=O)ccc1C.O=C(O)C(F)(F)F,8.0
CHEMBL2031144,CHEMBL2031144,CC(=O)N[C@@H](Cc1ccc(F)cc1)[C@H](O)CN[C@H]1C[C@]2(C[C@@H](F)C2)Oc2ncc(CC(C)(C)C)cc21,8.0
CHEMBL1257185,CHEMBL1257185,CC(=O)N[C@@H](Cc1cc(F)cc(F)c1)[C@H](O)CNC1(c2cn(C34CC5CC(CC(C5)C3)C4)nn2)CCCCC1,8.0
CHEMBL2407490,CHEMBL2407490,CCc1ccc2c(c1)[C@@H](NC[C@@H](O)[C@@H]1Cc3cccc(c3)CCCCn3cc(cc(N4CCCC4)c3=O)C(=O)N1)CC1(CCC1)O2,8.1
CHEMBL4561907,CHEMBL4561907,O=C1C[C@H](O)[C@H](Cc2ccccc2)NC(=O)CCCCCCCCCCCNC(=O)[C@H](C2CCCCC2)N1,8.2
CHEMBL3321939,CHEMBL3321939,COc1cc(CNC(=O)[C@@H](CC2CCCCC2)NC(=N)NC(=O)Cc2cc(OC)c(OC)cc2Br)ccc1F,8.6
CHEMBL1258467,CHEMBL1258467,CC(=O)N[C@@H](Cc1cc(F)cc(F)c1)[C@H](O)CNC1(c2cc(CC(C)(C)C)cs2)CCCCC1,9.0
CHEMBL1097361,CHEMBL1097361,CCCCNC(=O)[C@H](C)C[C@H](O)[C@H](CC(C)C)NC(=O)[C@H](CCSC)NC(=O)[C@H](CC(C)C)NC(C)=O,9.0
CHEMBL4791638,CHEMBL4791638,COc1ccc(CC(=O)NC(=N)N[C@@H](C(=O)Nc2cc(S(N)(=O)=O)ccc2C)C2CCCCC2)cc1OC.O=C(O)C(F)(F)F,9.0
CHEMBL404394,CHEMBL404394,Cc1cccc(C(=O)NNc2c3ccccc3nc3c(C)c(C)ccc23)c1,9.0
CHEMBL4583528,CHEMBL4583528,CC(C)[C@@H]1NC(=O)C[C@H](O)[C@H](CC2CCCCC2)NC(=O)CCCCCCCCCCCNC1=O,9.0
CHEMBL3982565,CHEMBL3982565,CCC(CC)NC(=O)[C@@H](NC(=O)C[C@H](N)[C@H](Cc1ccccc1)NC(=O)[C@@H](NC(=O)[C@H](CC(C)C)NC(=O)CC(C)C)C(C)C)[C@@H](C)CC,9.9
CHEMBL191344,CHEMBL191344,CCCCNC(=O)[C@@H](NC(=O)[C@@H]1CCC[C@H]1[C@H](O)[C@H](CC(C)C)NC(=O)[C@H](CCSC)NC(=O)[C@H](CC(C)C)NC(C)=O)C(C)C,10.0
CHEMBL210240,CHEMBL210240,CCCCNC(=O)[C@H](C)C[C@H](O)[C@@H]1CSC/C=C/CS[C@H]2CCCN[C@H]2C(=O)N[C@@H](C)C(=O)N1,10.0
CHEMBL4792649,CHEMBL4792649,CNS(=O)(=O)c1ccc(C)c(NC(=O)[C@@H](CC2CCCCC2)NC(=N)NC(=O)Cc2cc(Cl)cc(OC)c2)c1.O=C(O)C(F)(F)F,10.0
CARBOCYCLIC PEPTIDOMIMETIC,CHEMBL434943,CC(C)C[C@H](NC(=O)[C@H](CC(N)=O)NC(=O)[C@@H](NC(=O)[C@@H](N)CCC(=O)O)C(C)C)[C@@H](O)[C@@H]1CCC[C@H]1C(=O)N[C@@H](C)C(=O)N[C@@H](CCC(=O)O)C(=O)N[C@@H](Cc1ccccc1)C(=O)O,10.0
CHEMBL192836,CHEMBL192836,CCCCNC(=O)[C@H](C)NC(=O)[C@@H]1CCC[C@H]1[C@H](O)[C@H](CC(C)C)NC(=O)[C@H](CCSC)NC(=O)[C@H](CC(C)C)NC(C)=O,10.0
CHEMBL5433528,CHEMBL5433528,C[C@H]1C[C@@H](N2C(=N)N[C@](C)(c3cccc(-c4cccc(Cl)c4)c3Cl)CC2=O)CCO1,10.8
CHEMBL5858277,CHEMBL5858277,COc1ccc(CC(=O)NC(=N)N[C@H](CC2CCCCC2)C(=O)N[C@H]2CCc3ccccc32)cc1OC,11.0
CHEMBL4452510,CHEMBL4452510,CC(C)[C@@H]1NC(=O)C[C@H](O)[C@H](Cc2ccccc2)NC(=O)CCCCCCCCCCCCCNC1=O,11.0
CHEMBL5791213,CHEMBL5791213,COc1ccc(CC(=O)NC(=N)N[C@H](CC(C)C)C(=O)N[C@H]2CCc3ccccc32)cc1OC,11.0
CHEMBL4741771,CHEMBL4741771,COc1ccc(CC(=O)NC(=N)N[C@H](CC2CCCCC2)C(=O)Nc2cc(S(=O)(=O)N(C(C)C)C(C)C)ccc2C)cc1OC.O=C(O)C(F)(F)F,11.0
CHEMBL2031146,CHEMBL2031146,CC(=O)N[C@@H](Cc1ccc(F)cc1)[C@H](O)CN[C@H]1CC2(CC(F)(F)C2)Oc2ncc(CC(C)(C)C)cc21,11.0
CHEMBL377149,CHEMBL377149,CCCCNC(=O)[C@@H](NC(=O)[C@H](C)C[C@H](O)[C@@H]1CSC/C=C/CSC[C@H](NC(=O)OC(C)(C)C)C(=O)N[C@@H](C)C(=O)N1)C(C)C,11.0
CHEMBL600326,CHEMBL600326,Cc1cc2cc(n1)OCCCCOc1cccc(c1)C[C@@H]([C@H](O)CNC1(c3cccc(C(C)C)c3)CC1)NC2=O,11.0
CHEMBL2181010,CHEMBL2181010,COC(=O)[C@@H]1CCCN1C(=O)[C@@H](Cc1ccccc1)N(C)C(=O)[C@H](C)NC(=O)[C@H](CC(C)C)NC(=O)C[C@H](O)[C@H](Cc1ccccc1)NC(=O)c1cc(NS(C)(=O)=O)cc(C(=O)N[C@H](C)c2ccccc2)c1,11.3
CHEMBL1258001,CHEMBL1258001,CC(=O)N[C@@H](Cc1cc(F)cc(F)c1)[C@H](O)CNC1(c2cc(NS(C)(=O)=O)cc(C(C)(C)C)c2)CCCCC1,12.0
CHEMBL2030994,CHEMBL2030994,CC(=O)N[C@@H](Cc1cccc(F)c1)[C@H](O)CN[C@H]1C[C@]2(C[C@@H](F)C2)Oc2ncc(CC(C)(C)C)cc21,12.0
CHEMBL3899185,CHEMBL3899185,CC[C@H](C)[C@H](NC(=O)C[C@H](N)[C@H](Cc1ccccc1)NC(=O)[C@@H](NC(=O)Cc1cccc(OC(F)(F)F)c1)C(C)C)C(=O)N[C@H](C(=O)O)C(C)C,12.0
CHEMBL4798170,CHEMBL4798170,COc1ccc(CC(=O)NC(=N)N[C@H](CC2CCCCC2)C(=O)Nc2cc(S(=O)(=O)N3CCOCC3)ccc2C)cc1OC.O=C(O)C(F)(F)F,12.0
CHEMBL2408737,CHEMBL2408737,CC(=O)N[C@@H](Cc1cc(F)cc(F)c1)[C@H](O)CN[C@H]1CCOc2ccc(CC(C)(C)C)cc21,12.0
CHEMBL1257184,CHEMBL1257184,CC(=O)N[C@@H](Cc1cc(F)cc(F)c1)[C@H](O)CNC1(c2cn(C[Si](C)(C)C)nn2)CCCCC1,12.0
CHEMBL5962285,CHEMBL5962285,COc1ccc(CC(=O)NC(=N)N[C@H](CC2CCCCC2)C(=O)N[C@@H](C)c2ccc(F)c(-c3nnn[nH]3)c2)cc1OC,13.0
CHEMBL5815252,CHEMBL5815252,COc1ccc(CC(=O)NC(=N)NC(CC2CCCCC2)C(=O)NCc2cccc(S(N)(=O)=O)c2)cc1OC,13.0
CHEMBL2030995,CHEMBL2030995,CC(=O)N[C@@H](Cc1ccc(F)cc1)[C@H](O)CN[C@H]1C[C@]2(C[C@H](F)C2)Oc2ncc(CC(C)(C)C)cc21,14.0
CHEMBL1258687,CHEMBL1258687,CC(=O)N[C@@H](Cc1cc(F)cc(F)c1)[C@H](O)CNC1(c2cc(CC(C)(C)C)no2)CCCCC1,14.0
CHEMBL4794580,CHEMBL4794580,COc1ccc(CC(=O)NC(=N)N[C@H](CC2CCCCC2)C(=O)Nc2cc(N(S(C)(=O)=O)S(C)(=O)=O)ccc2C)cc1OC.O=C(O)C(F)(F)F,15.0
CHEMBL4474088,CHEMBL4474088,O=C1C[C@H](O)[C@H](Cc2ccccc2)NC(=O)CCCCCCCCCCCNC(=O)[C@H](Cc2ccccc2)N1,15.0
CHEMBL5987331,CHEMBL5987331,COc1cc(C2(NC(=O)[C@@H](CC3CCCCC3)NC(=N)NC(=O)Cc3ccc(OC)c(OC)c3)CC2)ccc1F,15.0
CHEMBL2408756,CHEMBL2408756,CC(=O)N[C@@H](Cc1cc(F)cc(F)c1)[C@H](O)CN[C@H]1CC(C)(C)Oc2ccc(CC(C)(F)F)cc21,16.0
CHEMBL4455874,CHEMBL4455874,CC(=O)NCCCC[C@@H]1NC(=O)C[C@H](O)[C@H](Cc2ccccc2)NC(=O)CCCCCCCCCCCNC1=O,16.0
CHEMBL4746757,CHEMBL4746757,CNS(=O)(=O)c1ccc(C)c(NC(=O)[C@@H](CC2CCCCC2)NC(=N)NC(=O)Cc2ccc(OC)c(C(F)(F)F)c2)c1.O=C(O)C(F)(F)F,16.0
CHEMBL3321928,CHEMBL3321928,COc1cc(CNC(=O)[C@@H](CC2CCCCC2)NC(=N)NC(=O)Cc2ccc(OC)c(OC)c2)ccc1F,17.0
CHEMBL2031143,CHEMBL2031143,CC(=O)N[C@@H](Cc1ccc(F)c(F)c1)[C@H](O)CN[C@H]1C[C@]2(C[C@H](C)C2)Oc2ncc(CC(C)(C)C)cc21,17.0
CHEMBL2181023,CHEMBL2181023,COC(=O)[C@@H]1CCCN1C(=O)[C@@H](Cc1ccccc1)N(C)C(=O)[C@H](C)NC(=O)[C@H](CC(C)C)NC(=O)C[C@H](O)[C@H](Cc1ccccc1)NC(=O)[C@H](CCC(N)=O)N(C)C(=O)[C@@H](N)C(C)C,17.3
CHEMBL3946374,CHEMBL3946374,CC[C@H](C)[C@H](NC(=O)C[C@H](N)[C@H](Cc1ccccc1)NC(=O)[C@@H](NC(=O)Cc1cccc(OC(F)(F)F)c1)C(C)C)C(=O)N[C@H](C(=O)OC)C(C)C,18.0
CHEMBL5184970,CHEMBL5184970,COC(=O)[C@@H]1CCCN1C(=O)[C@@H](Cc1ccc(OC(C)(C)C)cc1)N(C)C(=O)[C@H](C)NC(=O)[C@H](CC(C)C)NC(=O)C[C@H](O)[C@H](Cc1ccccc1)NC(=O)[C@H](CCC(N)=O)N(C)C(=O)[C@@H](NC(=O)OCc1ccccc1)C(C)C,18.0
CHEMBL4755364,CHEMBL4755364,CNS(=O)(=O)c1ccc(C)c(NC(=O)[C@@H](CC2CCCCC2)NC(=N)NC(=O)Cc2cc(Cl)cc(C(F)(F)F)c2)c1.O=C(O)C(F)(F)F,18.0
CHEMBL2408750,CHEMBL2408750,CC(=O)N[C@@H](Cc1cc(F)cc(F)c1)[C@H](O)CN[C@H]1CC(C)(C)Oc2ccc(CC(C)(C)C)cc21,18.0
CHEMBL5188873,CHEMBL5188873,CC(C)C[C@H](NC(=O)C[C@H](O)[C@H](Cc1ccccc1)NC(=O)[C@H](CCC(N)=O)N(C)C(=O)[C@@H](NC(=O)OCc1ccccc1)C(C)C)C(=O)N[C@@H](C)C(=O)N(C)[C@H](Cc1ccc(OC(C)(C)C)cc1)C(=O)N1CCC[C@H]1C(=O)O,19.0
CHEMBL3264810,CHEMBL3264810,CCCN(CCC)C(=O)c1cc(C(=O)N[C@@H](Cc2ccccc2)[C@H](O)CNC(C)(C)c2cccc(OC)c2)cc(C2CCCCC2)c1,19.0
CHEMBL5845860,CHEMBL5845860,COc1cc(CNC(=O)[C@@H](CC2CCCCC2)NC(=N)NC(=O)Cc2cccc(NS(C)(=O)=O)c2)ccc1F,20.0
CHEMBL4582805,CHEMBL4582805,CC(C)[C@@H]1NC(=O)C[C@H](O)[C@H](CSCc2ccccc2)NC(=O)CCCCCCCCCCCNC1=O,20.0
CHEMBL211432,CHEMBL211432,CCCCNC(=O)[C@H](C)C[C@H](O)[C@@H]1CSCCCCCSC[C@H](NC(=O)OC(C)(C)C)C(=O)N[C@@H](C)C(=O)N1,20.0
CHEMBL2181019,CHEMBL2181019,CC(C)C[C@H](NC(=O)C[C@H](O)[C@H](Cc1ccccc1)NC(=O)[C@H](CCC(N)=O)N(C)C(=O)[C@@H](NC(=O)[C@H](C)O)C(C)C)C(=O)N[C@@H](C)C(=O)N(C)[C@H](Cc1ccccc1)C(=O)NCc1ccccc1,20.9
CHEMBL4562486,CHEMBL4562486,CC(C)[C@@H]1NC(=O)NC[C@H](O)[C@H](Cc2ccccc2)NC(=O)CCCCCCCCCCCNC1=O,21.0
CHEMBL2349486,CHEMBL2349486,CC(=O)N1CCC(CN2C(=O)C3(CC(C)(C)Oc4ccc(-c5cccc(Cl)c5)cc43)N=C2N)CC1,21.0
CHEMBL113208,CHEMBL113208,CC(C)C[C@H](NC(=O)[C@H](C)NC(=O)C[C@H](O)[C@H](Cc1ccccc1)NC(=O)[C@@H](NC(=O)c1ccccn1)C(C)C)C(N)=O,21.0
CHEMBL5184529,CHEMBL5184529,CC(C)C[C@H](NC(=O)C[C@H](O)[C@H](Cc1ccccc1)NC(=O)[C@H](CCC(N)=O)N(C)C(=O)[C@@H](NC(=O)OCc1ccccc1)C(C)C)C(=O)N[C@@H](C)C(=O)N(C)[C@H](Cc1ccc(O)cc1)C(=O)N1CCC[C@H]1C(=O)NCCOCCOCCn1cc(CNC(=O)[C@H](CCCCNC(=O)[C@H](CCCCN)NC(=O)[C@H](CCCCN)NC(=O)[C@H](CCC(N)=O)NC(=O)[C@H](CO)NC(=O)CCN2c3ccccc3C(C)(C)[C@]23C=Cc2cc([N+](=O)[O-])ccc2O3)NC(=O)[C@H](CCCCN)NC(=O)[C@H](CCCCN)NC(=O)C(CCC(N)=O)NC(=O)[C@H](CO)NC(=O)CCN2c3ccccc3C(C)(C)[C@]23CCc2cc([N+](=O)[O-])ccc2O3)nn1,22.0
CHEMBL572081,CHEMBL572081,CC(=O)N[C@@H](Cc1cc(F)cc(F)c1)[C@H](O)CNC1(c2cccc(-n3cccn3)c2)CCCCC1,22.0
CHEMBL584547,CHEMBL584547,C=C1CCC(NC[C@@H](O)[C@H](Cc2cc(F)cc(F)c2)NC(C)=O)(c2cccc(C(C)(C)C)c2)CN1,22.0
CHEMBL4573241,CHEMBL4573241,CC(C)C[C@@H]1NC(=O)CCCCCCCCCCCNC(=O)[C@H](C(C)C)NC(=O)C[C@@H]1O,22.0
CHEMBL2031145,CHEMBL2031145,CC(=O)N[C@@H](Cc1cccc(F)c1)[C@H](O)CN[C@H]1C[C@]2(C[C@H](F)C2)Oc2ncc(CC(C)(C)C)cc21,22.0
CHEMBL1257531,CHEMBL1257531,CC(=O)N[C@@H](Cc1cc(F)cc(F)c1)[C@H](O)CNC1(c2cc(F)cc(C(C)(C)C)c2)CCCCC1,24.0
CHEMBL571860,CHEMBL571860,CC(=O)N[C@@H](Cc1cc(F)cc(F)c1)[C@H](O)CNC1(c2cccc(C(C)(C)C)c2)CCCCC1,24.0
CHEMBL6051882,CHEMBL6051882,CCOC(=O)c1ccc(CC(=O)NC(=N)N[C@H](CC2CCCCC2)C(=O)NCc2ccc(F)c(OC)c2)cc1OCC,24.0
CHEMBL5844322,CHEMBL5844322,CC[C@H](C)[C@H](NC(=O)CC[C@H](O)[C@H](Cc1ccccc1)NC(=O)[C@@H](NC(=O)[C@H](CC(C)C)NC(=O)CC(C)C)C(C)C)C(=O)N[C@H](C(=O)O)C(C)C,24.0
CHEMBL3321931,CHEMBL3321931,COc1cc(CNC(=O)[C@@H](CC(C)C)NC(=N)NC(=O)Cc2ccc(OC)c(OC)c2)ccc1F,24.0
CHEMBL364446,CHEMBL364446,CSCC[C@H](NC(=O)[C@H](CC(C)C)NC(C)=O)C(=O)N[C@@H](CC(C)C)[C@@H](O)[C@@H]1CCC[C@H]1C(=O)N[C@H](C(=O)O)C(C)C,25.0
CHEMBL4751432,CHEMBL4751432,CNS(=O)(=O)c1ccc(C)c(NC(=O)[C@@H](CC2CCCCC2)NC(=N)NC(=O)Cc2ccc(S(C)(=O)=O)cc2)c1.O=C(O)C(F)(F)F,25.0
CHEMBL211107,CHEMBL211107,CCCCNC(=O)[C@H](C)C[C@H](O)[C@@H]1CSCCCCCCSC[C@H](NC(=O)OC(C)(C)C)C(=O)N[C@@H](C)C(=O)N1,25.0
CHEMBL5744491,CHEMBL5744491,CC[C@@H](C)[C@@H](NC(=N)NC(=O)Cc1ccc(OC)c(OC)c1)C(=O)NCc1ccc(F)c(OC)c1,26.0
GRASSYSTATIN A,CHEMBL567893,COC(=O)[C@@H]1CCCN1C(=O)[C@@H](Cc1ccccc1)N(C)C(=O)[C@H](C)NC(=O)[C@@H](NC(=O)C[C@H](O)[C@H](CC(C)C)NC(=O)[C@H](CC(N)=O)NC(=O)[C@H](CC(C)C)NC(=O)[C@H](OC(=O)[C@@H](OC(=O)[C@H](C(C)C)N(C)C)C(C)C)C(C)C)[C@@H](C)O,26.0
CHEMBL3982332,CHEMBL3982332,CC[C@H](C)[C@H](NC(=O)C[C@H](N)[C@H](Cc1ccccc1)NC(=O)[C@@H](NC(=O)COc1ccc(Cl)cc1Cl)C(C)C)C(=O)N[C@H](C(=O)OC)C(C)C,27.0
CHEMBL4554001,CHEMBL4554001,O=C1C[C@H](O)[C@H](Cc2ccccc2)NC(=O)CCCCCCCCCCCNC(=O)[C@H](c2ccccc2)N1,27.0
CHEMBL364664,CHEMBL364664,CCCCNC(=O)[C@@H](NC(=O)[C@@H]1OCC[C@H]1[C@H](O)[C@H](CC(C)C)NC(=O)[C@H](CCSC)NC(=O)[C@H](CC(C)C)NC(C)=O)C(C)C,28.0
CHEMBL242315,CHEMBL242315,CC(C)C[C@H](NC(=O)[C@@H](N)CCC(=O)O)C(=O)N[C@@H](CC(=O)O)C(=O)N[C@@H](CC(C)C)P(=O)(O)CC(C)C(=O)N[C@H](C(=O)N[C@@H](CCC(=O)O)C(=O)N[C@@H](Cc1ccccc1)C(=O)O)C(C)C,28.0
CHEMBL3971010,CHEMBL3971010,CC[C@H](C)[C@H](NC(=O)C[C@H](N)[C@H](Cc1ccccc1)NC(=O)[C@@H](NC(=O)Cc1cccc(OC(F)(F)F)c1)C(C)C)C(=O)NCCC(C)C,28.0
CHEMBL570762,CHEMBL570762,CC(=O)N[C@@H](Cc1cc(F)cc(F)c1)[C@H](O)CN[C@@]1(c2cccc(C(C)(C)C)c2)CC[C@H](C(F)(F)F)NC1,28.0
CHEMBL5570548,CHEMBL5570548,CC(C)C[C@H](NC(=O)[C@H](C)NC(=O)C[C@H](O)[C@H](CC(C)C)NC(=O)[C@@H](NC(=O)[C@](C)(NC(=O)OCc1ccccc1)C(F)(F)F)C(C)C)[C@@H](O)CC(=O)O,28.0
CHEMBL1258918,CHEMBL1258918,CC(=O)N[C@@H](Cc1cc(F)cc(F)c1)[C@H](O)CNC1(c2cnn(CC(C)(C)C)c2)CCCCC1,29.0
CHEMBL2407495,CHEMBL2407495,C=CCCC(=O)N[C@@H](Cc1cccc(CC=C)c1)[C@H](O)CN[C@H]1CC2(CCC2)Oc2ccc(CC)cc21,29.0
CHEMBL2407342,CHEMBL2407342,C=CCc1cccc(C[C@H](NC(=O)c2cc(N3CCCC3)c(=O)n(CC=C)c2)[C@H](O)CN[C@H]2CC3(CCC3)Oc3ccc(CC)cc32)c1,29.0
CHEMBL4799250,CHEMBL4799250,COc1ccc(CC(=O)NC(=N)N[C@H](CC2CCCCC2)C(=O)Nc2cc(S(=O)(=O)N(C)C)ccc2C)cc1OC.O=C(O)C(F)(F)F,29.0
CHEMBL4749657,CHEMBL4749657,COc1ccc(CC(=O)NC(=N)N[C@H](CC2CCCCC2)C(=O)Nc2cc(S(=O)(=O)NC3CC3)ccc2C)cc1OC.O=C(O)C(F)(F)F,30.0
CHEMBL5796294,CHEMBL5796294,CC[C@H](C)CNC(=O)[C@@H](CC1CCCCC1)NC(=N)NC(=O)Cc1ccc(OC)c(OC)c1,31.0
CHEMBL4453458,CHEMBL4453458,CC(C)[C@@H]1NC(=O)C[C@H](O)[C@H](Cc2ccccc2)NC(=O)CCCCCCCCCCCCCCNC1=O,32.0
CHEMBL3264811,CHEMBL3264811,CCCN(CCC)C(=O)c1cc(C(=O)N[C@@H](Cc2ccccc2)[C@H](O)CNC(C)(C)c2cccc(OC)c2)cc(N2CCCC2)c1,32.0
CHEMBL1258466,CHEMBL1258466,CC(=O)N[C@@H](Cc1cc(F)cc(F)c1)[C@H](O)CNC1(c2cc(C(C)(C)C)cs2)CCCCC1,32.0
CHEMBL5414797,CHEMBL5414797,C[C@H]1C[C@@H](N2C(=N)N[C@](C)(c3cccc(-c4cncc(Cl)c4)c3Cl)CC2=O)CCO1,32.3
CHEMBL319672,CHEMBL319672,CC(C)[C@H](NC(=O)OCc1ccccc1)C(=O)N[C@@H](Cc1ccccc1)[C@@H](O)[C@@H](NCc1ccccc1)C(=O)N[C@H](C(=O)NCc1ccccc1)C(C)C,35.0
CHEMBL5763269,CHEMBL5763269,COc1ccc(CC(=O)NC(=N)N[C@H](CC2CCCCC2)C(=O)NCc2ccc(F)c(OC)c2)c(F)c1,35.0
CHEMBL1088215,CHEMBL1088215,CCCCNC(=O)[C@H](C)C[C@H](O)[C@H](CC(C)C)NC(=O)[C@H](CCSC)NC(=O)[C@H](C)NC(C)=O,35.0
CHEMBL2407338,CHEMBL2407338,C=CCCCCC(=O)N[C@@H](Cc1cccc(CC=C)c1)[C@H](O)CN[C@H]1CC2(CCC2)Oc2ccc(CC)cc21,36.0
CHEMBL4747915,CHEMBL4747915,CNS(=O)(=O)c1ccc(C)c(NC(=O)[C@@H](CC2CCCCC2)NC(=N)NC(=O)Cc2ccc(Cl)c(Cl)c2)c1.O=C(O)C(F)(F)F,36.0
CHEMBL3942349,CHEMBL3942349,CC[C@H](C)[C@H](NC(=O)C[C@H](N)[C@H](Cc1ccccc1)NC(=O)[C@@H](NC(=O)[C@H](CC(C)C)NC(=O)OC(C)(C)C)C(C)C)C(=O)N[C@H](C(=O)OC)C(C)C,36.0
CHEMBL3264808,CHEMBL3264808,COc1cccc(C(C)(C)NC[C@@H](O)[C@H](Cc2ccccc2)NC(=O)c2cc(C(=O)N3CCCC3)cc(N3CCCCC3)c2)c1,38.0
CHEMBL2031141,CHEMBL2031141,CC(=O)N[C@@H](Cc1ccc(F)cc1)[C@H](O)CN[C@H]1C[C@]2(C[C@H](C)C2)Oc2ncc(CC(C)(C)C)cc21,38.0
CHEMBL3930806,CHEMBL3930806,CC(C)CC(=O)N[C@@H](CC(C)C)C(=O)N[C@H](C(=O)N[C@@H](Cc1ccccc1)[C@@H](N)CC(=O)N[C@H](COc1ccc(F)cc1F)C(C)C)C(C)C,39.0
CHEMBL4455141,CHEMBL4455141,CC(C)[C@@H]1NC(=O)C[C@H](O)[C@H](Cc2ccc(O)cc2)NC(=O)CCCCCCCCCCCNC1=O,39.0
CHEMBL3974715,CHEMBL3974715,CC[C@H](NC(=O)[C@H](CC(C)C)NC(=O)OC(C)(C)C)C(=O)N[C@@H](Cc1ccccc1)[C@@H](N)CC(=O)N[C@H](C(=O)N[C@H](C(=O)OC)C(C)C)[C@@H](C)CC,40.0
CHEMBL4591760,CHEMBL4591760,CC(C)CC(=O)N[C@H](C(=O)N[C@H](C(=O)N[C@@H](CC(C)C)[C@@H](O)CC(=O)N[C@@H](C)C(=O)O)C(C)C)C(C)C,40.0
CHEMBL1258353,CHEMBL1258353,CC(=O)N[C@@H](Cc1cc(F)cc(F)c1)[C@H](O)CNC1(c2cc(C(C)C)cs2)CCCCC1,40.0
CHEMBL3264800,CHEMBL3264800,CCCN(CCC)C(=O)c1cc(C(=O)N[C@@H](Cc2ccccc2)[C@H](O)CNC(C)(C)c2cccc(O)c2)cc(N2CCCCC2)c1,40.0
CHEMBL4468607,CHEMBL4468607,CC(C)[C@@H]1NC(=O)C[C@H](O)[C@H](Cc2ccccc2)NC(=O)CCCCCCCCCCNC1=O,40.0
CHEMBL1076901,CHEMBL1076901,CC(C)[C@H](NC(=O)[C@H](C)C[C@H](O)[C@H](COCc1ccccc1)NC(=O)c1cc(C(=O)N[C@H](C)c2ccccc2)cc(N(C)S(C)(=O)=O)c1)C(=O)NCc1ccccc1,41.0
CHEMBL5829900,CHEMBL5829900,COc1ccc(CC(=O)NC(=N)N[C@H](CC2CCCCC2)C(=O)NCc2cccc(-c3ccn(C)n3)c2)cc1OC,41.0
CHEMBL6035051,CHEMBL6035051,CC[C@H](C)[C@H](NC(=O)CC[C@H](O)[C@H](Cc1ccccc1)NC(=O)[C@@H](NC(=O)[C@H](CC(C)C)NC(=O)OC(C)(C)C)C(C)C)C(=O)N[C@H](C(=O)OC)C(C)C,41.0
CHEMBL5906537,CHEMBL5906537,COc1cc(F)c(CC(=O)NC(=N)N[C@H](CC2CCCCC2)C(=O)NCc2ccc(F)c(OC)c2)c(F)c1,41.0
CHEMBL5184180,CHEMBL5184180,CC(C)C[C@H](NC(=O)C[C@H](O)[C@H](Cc1ccccc1)NC(=O)[C@H](CCC(N)=O)N(C)C(=O)[C@@H](NC(=O)OCc1ccccc1)C(C)C)C(=O)N[C@@H](C)C(=O)N(C)[C@H](Cc1ccccc1)C(=O)N1CCC[C@H]1C(=O)NCCOCCOCCn1cc(CNC(=O)[C@H](CCCCNC(=O)[C@H](CCCCN)NC(=O)[C@H](CCCCN)NC(=O)[C@H](CCC(N)=O)NC(=O)[C@H](CO)NC(=O)CCN2c3ccccc3C(C)(C)[C@]23C=Cc2cc([N+](=O)[O-])ccc2O3)NC(=O)[C@H](CCCCN)NC(=O)[C@H](CCCCN)NC(=O)C(CCC(N)=O)NC(=O)[C@H](CO)NC(=O)CCN2c3ccccc3C(C)(C)[C@]23CCc2cc([N+](=O)[O-])ccc2O3)nn1,41.0
CHEMBL5771710,CHEMBL5771710,COc1cc(CNC(=O)[C@@H](CC2CCCCC2)NC(=N)NC(=O)Cc2ccc(-c3nn[nH]n3)cc2)ccc1F,42.0
CHEMBL1258352,CHEMBL1258352,CC(=O)N[C@@H](Cc1cc(F)cc(F)c1)[C@H](O)CNC1(c2csc(C(C)C)c2)CCCCC1,42.0
CHEMBL3264799,CHEMBL3264799,CCCN(CCC)C(=O)c1cc(C(=O)N[C@@H](Cc2ccccc2)[C@H](O)CNC(C)(C)c2cccc(OC)c2)cc(N2CCCCC2)c1,42.0
CHEMBL1257649,CHEMBL1257649,CC(=O)N[C@@H](Cc1cc(F)cc(F)c1)[C@H](O)CNC1(c2cc(Br)cc(C(C)(C)C)c2)CCCCC1,42.0
CHEMBL491348,CHEMBL491348,CC(=O)c1c(Nc2ccc(Cl)cc2Cl)[nH]c2c([N+](=O)[O-])cc(Cl)cc2c1=O,42.0
CHEMBL5822693,CHEMBL5822693,COc1ccc(CC(=O)NC(=N)N[C@H](CC2CCCCC2)C(=O)NCc2ccc(F)c(OC)c2)c(Br)c1,42.0
CHEMBL5807308,CHEMBL5807308,COc1ccc(CC(=O)NC(=N)N[C@H](CC2CCCCC2)C(=O)NCC(C)C)c(Br)c1,43.0
CHEMBL587764,CHEMBL587764,CCCN(CCC)C(=O)c1cc(C(=O)N[C@@H](Cc2ccccc2)[C@H](O)CNC(C)(C)c2cccc(OC)c2)cc(N2CCCCS2(=O)=O)c1,43.0
CHEMBL3344159,CHEMBL3344159,CC(C)C[C@H](NC(=O)[C@H](C)NC(=O)[C@H](CCc1ccccc1)NC(=O)OCc1ccccc1)[C@@H](O)CC(=O)NC1CCCCC1,43.0
CHEMBL4747598,CHEMBL4747598,COc1ccc(CC(=O)NC(=N)N[C@H](CC2CCCCC2)C(=O)Nc2cc(S(=O)(=O)N(C)C)ccc2C)cc1F.O=C(O)C(F)(F)F,44.0
CHEMBL3321933,CHEMBL3321933,COc1ccc(CC(=O)NC(=N)N[C@H](CC2CCCCC2)C(=O)NCc2ccc(-c3nnn[nH]3)cc2)cc1OC,44.0
CHEMBL5970545,CHEMBL5970545,COc1ccc(CC(=O)NC(=N)N[C@H](CC2CCCCC2)C(=O)N[C@@H](C)c2cccc(-c3nnn[nH]3)c2)cc1OC,45.0
CHEMBL1258119,CHEMBL1258119,CC(=O)N[C@@H](Cc1cc(F)cc(F)c1)[C@H](O)CNC1(c2cc(C(C)=O)cc(C(C)(C)C)c2)CCCCC1,45.0
CHEMBL4745201,CHEMBL4745201,CCOC[C@@H](NC(=N)NC(=O)Cc1ccc(OC)c(OC)c1)C(=O)Nc1cc(S(N)(=O)=O)ccc1C.O=C(O)C(F)(F)F,45.0
CHEMBL5875033,CHEMBL5875033,COc1ccc(CC(=O)NC(=N)N[C@H](CC2CCCCC2)C(=O)NCc2ccc(-c3csnn3)cc2)cc1OC,45.0
CHEMBL4755936,CHEMBL4755936,CCC[C@@H](NC(=N)NC(=O)Cc1ccc(OC)c(OC)c1)C(=O)Nc1cc(S(N)(=O)=O)ccc1C.O=C(O)C(F)(F)F,45.0
CHEMBL4802569,CHEMBL4802569,CCOC[C@@H](NC(=N)NC(=O)Cc1ccc(OC)c(OC)c1)C(=O)Nc1cc(S(N)(=O)=O)ccc1C,45.0
CHEMBL3917484,CHEMBL3917484,CC[C@H](C)[C@H](NC(=O)C[C@H](N)[C@H](Cc1ccccc1)NC(=O)[C@@H](NC(=O)[C@H](CC(C)C)NC(=O)CC(C)C)C(C)C)C(=O)Nc1ccn(C)n1,46.0
CHEMBL5998310,CHEMBL5998310,COc1ccc(CC(=O)NC(=N)N[C@H](CC2CCCCC2)C(=O)NCc2ccc(F)c(OC)c2)c(OC)c1,46.0
CHEMBL2029366,CHEMBL2029366,CC(=O)N[C@@H](Cc1ccc(F)cc1)[C@H](O)CN[C@H]1C[C@]2(CC[C@H]2C)Oc2ncc(CC(C)(C)C)cc21,46.0
CHEMBL1257773,CHEMBL1257773,COc1cc(C(C)(C)C)cc(C2(NC[C@@H](O)[C@H](Cc3cc(F)cc(F)c3)NC(C)=O)CCCCC2)c1,47.0
CHEMBL3924316,CHEMBL3924316,CC[C@H](C)[C@H](NC(=O)C[C@H](N)[C@H](Cc1ccccc1)NC(=O)[C@@H](NC(=O)[C@H](CC(C)C)NC(=O)CC(C)C)C(C)C)C(=O)N[C@H](C(=O)OC)[C@@H](C)CC,47.0
CHEMBL5809400,CHEMBL5809400,COc1ccc(CC(=O)NC(=N)N[C@H](CC2CCCCC2)C(=O)NCc2ccc(-c3nnc(O)o3)cc2)cc1OC,47.0
CHEMBL5880022,CHEMBL5880022,COc1cc(CNC(=O)[C@@H](CC2CCCCC2)NC(=N)NC(=O)Cc2ccc(C)c(C)c2)ccc1F,47.0
CHEMBL5396614,CHEMBL5396614,C[C@@H]1C[C@H](N2C(=N)N[C@](C)(c3cccc(-c4cccc(Cl)c4)c3Cl)CC2=O)CC[C@@H]1O,47.3
CHEMBL5832416,CHEMBL5832416,COc1ccc(CC(=O)NC(=N)N[C@H](CC2CCCCC2)C(=O)NCC(C)C)c(OC)c1,48.0
CHEMBL1097007,CHEMBL1097007,CCCCNC(=O)[C@H](C)C[C@H](O)[C@H](CC(C)C)NC(=O)[C@H](CCSC)NC(=O)[C@@H](NC(C)=O)C(C)C,48.0
CHEMBL5795893,CHEMBL5795893,N=C(NC(=O)Cc1ccc(Cl)cc1)N[C@H](CC1CCCCC1)C(=O)NCc1cccc(S(N)(=O)=O)c1,48.0
CHEMBL5798280,CHEMBL5798280,COc1ccc(CC(=O)NC(=N)N[C@H](CC2CCCCC2)C(=O)NCc2ccc(S(N)(=O)=O)cc2)cc1OC,49.0
CHEMBL5858371,CHEMBL5858371,COc1cc(CNC(=O)[C@@H](CC2CCCCC2)NC(=N)NC(=O)Cc2ccc(Cl)cc2F)ccc1F,49.0
CHEMBL6061130,CHEMBL6061130,Cc1ccc(CC(=O)NC(=N)N[C@H](CC2CCCCC2)C(=O)N[C@@H](C)c2cccc(-c3nnn[nH]3)c2)cc1C,49.0
CHEMBL6029590,CHEMBL6029590,COc1cc(CNC(=O)[C@@H](Cc2ccccc2)NC(=N)NC(=O)Cc2ccc(OC)c(OC)c2)ccc1F,50.0
CHEMBL1098668,CHEMBL1098668,CC(C)C[C@H](NC(=O)[C@H](CCl)NC(=O)C[C@H](O)[C@H](Cc1ccccc1)NC(=O)[C@@H](NC(=O)c1ccccn1)C(C)C)C(N)=O,50.0
CHEMBL1098669,CHEMBL1098669,CC(C)C[C@H](NC(=O)[C@H](CC#N)NC(=O)C[C@H](O)[C@H](Cc1ccccc1)NC(=O)[C@@H](NC(=O)c1ccccn1)C(C)C)C(N)=O,50.0
CHEMBL1098670,CHEMBL1098670,C#CC[C@H](NC(=O)C[C@H](O)[C@H](Cc1ccccc1)NC(=O)[C@@H](NC(=O)c1ccccn1)C(C)C)C(=O)N[C@@H](CC(C)C)C(N)=O,50.0
CHEMBL1098671,CHEMBL1098671,C#CCNC(=O)[C@H](Cc1ccccc1)NC(=O)C[C@H](O)[C@H](Cc1ccccc1)NC(=O)[C@@H](NC(=O)c1ccccn1)C(C)C,50.0
CHEMBL208681,CHEMBL208681,CCCCNC(=O)[C@@H](NC(=O)[C@H](C)C[C@H](O)[C@@H]1CSC/C=C\CSC[C@H](NC(=O)OC(C)(C)C)C(=O)N[C@@H](C)C(=O)N1)C(C)C,50.0
CHEMBL3912402,CHEMBL3912402,CC[C@H](C)[C@H](NC(=O)C[C@H](N)[C@H](Cc1ccccc1)NC(=O)[C@@H](NC(=O)[C@H](CC(C)C)NC(=O)CC(C)C)C(C)C)C(=O)N[C@H](C(=O)O)C(C)C,50.0
CHEMBL2181015,CHEMBL2181015,COC(=O)[C@@H]1CCCN1C(=O)[C@@H](Cc1ccccc1)N(C)C(=O)[C@H](C)NC(=O)[C@H](CC(C)C)NC(=O)C[C@H](O)[C@H](Cc1ccccc1)NC(=O)[C@H](CCC(N)=O)N(C)C(=O)[C@@H](NC(=O)[C@H](C)O)C(C)C,50.0
CHEMBL4167618,CHEMBL4167618,CC(C)C[C@H](NC(=O)C[C@H](O)[C@H](Cc1ccccc1)NC(=O)[C@H](CCC(N)=O)N(C)C(=O)[C@@H](NC(=O)[C@H](C)O)C(C)C)C(=O)N[C@@H](C)C(=O)N(C)[C@H](Cc1ccccc1)C(=O)N1CCC[C@H]1C(=O)O,50.0
CHEMBL5996695,CHEMBL5996695,COc1cc(CNC(=O)[C@@H](CC2CCCCC2)NC(=N)NC(=O)Cc2ccc(Cl)cc2)ccc1F,51.0
CHEMBL3264801,CHEMBL3264801,CCCN(CCC)C(=O)c1cc(C(=O)N[C@@H](Cc2ccccc2)[C@H](O)CNC(C)(C)c2ccccc2)cc(N2CCCCC2)c1,51.0
CHEMBL4743108,CHEMBL4743108,Cc1ccc(S(=O)(=O)N(C)C)cc1NC(=O)[C@@H](CC1CCCCC1)NC(=N)NC(=O)Cc1cccc(C#N)c1.O=C(O)C(F)(F)F,51.0
CHEMBL5996507,CHEMBL5996507,COc1cc(CNC(=O)[C@@H](CC2CCCCC2)NC(=N)NC(=O)Cc2ccc(-n3cnnn3)cc2)ccc1F,52.0
CHEMBL4787350,CHEMBL4787350,Cc1ccc(S(=O)(=O)N(C)C)cc1NC(=O)[C@@H](CC1CCCCC1)NC(=N)NC(=O)Cc1ccccc1C(F)(F)F.O=C(O)C(F)(F)F,53.0
CHEMBL4747539,CHEMBL4747539,COc1ccc(CCC(=O)NC(=N)N[C@H](CC2CCCCC2)C(=O)Nc2cc(S(=O)(=O)N(C)C)ccc2C)cc1OC.O=C(O)C(F)(F)F,53.0
CHEMBL2407489,CHEMBL2407489,CCc1ccc2c(c1)[C@@H](NC[C@@H](O)[C@@H]1Cc3cccc(c3)CCCCn3cc(cc(-c4ccccn4)c3=O)C(=O)N1)CC1(CCC1)O2,54.0
CHEMBL4743293,CHEMBL4743293,Cc1ccc(S(=O)(=O)N(C)C)cc1NC(=O)[C@@H](CC1CCCCC1)NC(=N)NC(=O)Cc1ccc(C(F)(F)F)cc1.O=C(O)C(F)(F)F,54.0
CHEMBL3264812,CHEMBL3264812,CCCN(CCC)C(=O)c1cc(C(=O)N[C@@H](Cc2ccccc2)[C@H](O)CNC(C)(C)c2cccc(OC)c2)cc(-c2ccccc2)c1,54.0
CHEMBL2181018,CHEMBL2181018,CC(C)C[C@H](NC(=O)C[C@H](O)[C@H](Cc1ccccc1)NC(=O)[C@H](CCC(N)=O)N(C)C(=O)[C@@H](NC(=O)[C@H](C)O)C(C)C)C(=O)N[C@@H](C)C(=O)N(C)[C@H](Cc1ccccc1)C(=O)O,54.1
CHEMBL5790527,CHEMBL5790527,COc1cc(Br)c(CC(=O)NC(=N)N[C@H](CC2CCCCC2)C(=O)NCC(C)C)cc1OC,55.0
CHEMBL1257650,CHEMBL1257650,CC(=O)N[C@@H](Cc1cc(F)cc(F)c1)[C@H](O)CNC1(c2cc(I)cc(C(C)(C)C)c2)CCCCC1,55.0
CHEMBL4536689,CHEMBL4536689,CC(C)[C@@H]1NC(=O)C[C@H](O)[C@H](Cc2ccc(OCc3ccccc3)cc2)NC(=O)CCCCCCCCCCCNC1=O,55.0
CHEMBL6054414,CHEMBL6054414,COc1cc(CNC(=O)[C@@H](CC2CCCCC2)NC(=N)NC(=O)Cc2cccc(C#N)c2)ccc1F,56.0
CHEMBL191129,CHEMBL191129,CCCCNC(=O)[C@@H](NC(=O)[C@@H]1CC(=O)C[C@H]1[C@H](O)[C@H](CC(C)C)NC(=O)[C@H](CCSC)NC(=O)[C@H](CC(C)C)NC(C)=O)C(C)C,56.0
CHEMBL4788968,CHEMBL4788968,CNS(=O)(=O)c1ccc(C)c(NC(=O)[C@H](NC(=N)NC(=O)Cc2ccc(OC)c(OC)c2)C2CCCCC2)c1.O=C(O)C(F)(F)F,57.0
CHEMBL5860060,CHEMBL5860060,COc1cc(CNC(=O)[C@@H](CC2CCCCC2)NC(=N)NC(=O)CCc2ccc(OC)c(OC)c2)ccc1F,57.0
CHEMBL5778767,CHEMBL5778767,COc1cc(CNC(=O)[C@@H](CC2CCCCC2)NC(=N)NC(=O)Cc2c(F)cc(F)cc2F)ccc1F,57.0
CHEMBL3813928,CHEMBL3813928,CC[C@H](C)[C@H](NC(=O)C[C@H](O)[C@H](Cc1ccccc1)NC(=O)[C@H](CCC(N)=O)N(C)C(=O)[C@@H](NC(=O)[C@H](C)O)[C@@H](C)CC)C(=O)NCC(=O)N(C)[C@H](Cc1ccccc1)C(=O)N1CCC[C@H]1C(=O)OC,57.0
CHEMBL4159706,CHEMBL4159706,CC[C@H](C)[C@H](NC(=O)C[C@H](O)[C@H](Cc1ccccc1)NC(=O)[C@H](CCC(N)=O)N(C)C(=O)[C@@H](NC(=O)[C@H](C)O)[C@@H](C)CC)C(=O)NCC(=O)N(C)[C@H](Cc1ccccc1)C(=O)N1CCC[C@H]1C(=O)O,57.0
CHEMBL5172999,CHEMBL5172999,C[C@@]1(c2cccc(Nc3ccccc3)c2Cl)CC(=O)N(C2CCOCC2)C(=N)N1,58.0
CHEMBL3321925,CHEMBL3321925,COc1ccc(CNC(=O)[C@@H](Cc2ccccc2)NC(=N)NC(=O)Cc2ccc(OC)c(OC)c2)cc1OC,58.0
CHEMBL3809897,CHEMBL3809897,CC(C)(C)CCNC(=O)CCc1cc2cc(-c3ccccc3C#Cc3ccc(NC(=O)c4ccc(F)cc4)cn3)ccc2nc1N,58.0
CHEMBL5573834,CHEMBL5573834,CC(C)CC(=O)N[C@@H](CCSC(F)(F)F)C(=O)N[C@H](C(=O)N[C@@H](CC(C)C)[C@@H](O)CC(=O)N[C@@H](C)C(=O)N[C@@H](CC(C)C)[C@@H](O)CC(=O)O)C(C)C,58.0
CHEMBL2408758,CHEMBL2408758,CC(=O)N[C@@H](Cc1cc(F)cc(F)c1)[C@H](O)CN[C@H]1CC(C)(C)Oc2ccc(OC(F)(F)F)cc21,59.0
CHEMBL4788309,CHEMBL4788309,COc1ccc(CC(=O)NC(=N)N[C@H](CC2CCCCC2)C(=O)Nc2cc(S(=O)(=O)NC(C)C)ccc2C)cc1OC.O=C(O)C(F)(F)F,59.0
CHEMBL1076905,CHEMBL1076905,CC(C)[C@H](NC(=O)[C@H](C)C[C@H](O)[C@H](COc1cc(F)cc(F)c1)NC(=O)c1cc(C(=O)N[C@H](C)c2ccccc2)cc(N(C)S(C)(=O)=O)c1)C(=O)NCc1ccccc1,59.0
CHEMBL5872033,CHEMBL5872033,CC(C)CNC(=O)[C@@H](CC1CCCCC1)NC(=N)NC(=O)Cc1ccc2c(c1)OCO2,59.0
CHEMBL104966,CHEMBL104966,CC(C)[C@H](NC(=O)[C@H](NCc1ccccc1)[C@H](O)[C@H](Cc1ccccc1)NC(=O)[C@@H](NC(=O)OCc1ccccc1)C(C)(C)C)C(=O)NCc1ccccc1,60.0
CHEMBL560612,CHEMBL560612,CCc1cn2c3c(cc(C(=O)N[C@@H](Cc4ccccc4)[C@H](O)CNC4CCOCC4)cc13)N(C)S(=O)(=O)CC2,60.0
CHEMBL190058,CHEMBL190058,CCCCNC(=O)[C@@H]1CCC[C@H]1[C@H](O)[C@H](CC(C)C)NC(=O)[C@H](CCSC)NC(=O)[C@H](CC(C)C)NC(C)=O,60.0
CHEMBL212787,CHEMBL212787,COc1cc(C(=O)c2c(OCC(=O)O)ccc3ccccc23)cc(OC)c1OC,60.0
CHEMBL363783,CHEMBL363783,CC(C)C[C@H](NC(=O)[C@H](CC(N)=O)NC(=O)[C@@H](NC(=O)[C@@H](N)CCC(=O)O)C(C)C)[C@@H](O)[C@@H]1CCC[C@H]1C(=O)N[C@@H](C)C(=O)N[C@@H](CCC(=O)O)C(=O)O,60.0
CHEMBL5953100,CHEMBL5953100,COc1cc(CNC(=O)[C@@H](CC2CCCCC2)NC(=N)NC(=O)Cc2ccc(-c3noc(C)n3)cc2)ccc1F,61.0
CHEMBL4763902,CHEMBL4763902,COc1ccc(CC(=O)NC(=N)N[C@H](Cc2ccccc2)C(=O)Nc2cc(S(N)(=O)=O)ccc2C)cc1OC.O=C(O)C(F)(F)F,61.0
CHEMBL4759490,CHEMBL4759490,Cc1ccc(S(=O)(=O)N(C)C)cc1NC(=O)[C@@H](CC1CCCCC1)NC(=N)NC(=O)Cc1ccc(F)c(F)c1.O=C(O)C(F)(F)F,63.0
CHEMBL5856088,CHEMBL5856088,COc1cc(CNC(=O)[C@@H](CC2CCCCC2)NC(=N)NC(=O)Cc2ccc(F)c(OC)c2)ccc1F,63.0
CHEMBL5191783,CHEMBL5191783,C[C@H]1C[C@@H](N2C(=N)N[C@](C)(c3cccc(Nc4ccc(C5CC5)nc4)c3Cl)CC2=O)CCO1,64.0
CHEMBL5594826,CHEMBL5594826,CC(C)C[C@H](NC(=O)[C@H](C)NC(=O)C[C@H](O)[C@H](CC(C)C)NC(=O)[C@@H](NC(=O)[C@@](C)(NC(=O)OCc1ccccc1)C(F)(F)F)C(C)C)[C@@H](O)CC(=O)O,65.0
CHEMBL5907264,CHEMBL5907264,COc1cc(CNC(=O)[C@@H](CC2CCCCC2)NC(=N)NC(=O)Cc2ccc(OC)c(OC)c2OC)ccc1F,66.0
CHEMBL253800,CHEMBL253800,CCCC(CCC)S(=O)(=O)CC(NC(=O)OCc1ccccc1)C(=O)N[C@@H](Cc1ccccc1)[C@H](O)CNCc1cccc(OC)c1,67.0
CHEMBL4586892,CHEMBL4586892,CCCN(CCC)C(=O)c1cc(C(=O)N[C@@H](Cc2ccccc2)[C@H](O)CNC(C)(C)c2cccc(OC)c2)cc(C(F)(F)F)c1,67.0
CHEMBL3321927,CHEMBL3321927,COc1ccc(CNC(=O)[C@@H](CC(C)C)NC(=N)NC(=O)Cc2ccc(OC)c(OC)c2)cc1OC,67.0
CHEMBL5905687,CHEMBL5905687,COc1ccc(CC(=O)NC(=N)N[C@H](CC2CCCCC2)C(=O)NCc2cccc(-c3nccs3)c2)cc1OC,67.0
CHEMBL1257772,CHEMBL1257772,CC(=O)N[C@@H](Cc1cc(F)cc(F)c1)[C@H](O)CNC1(c2cc(C)cc(C(C)(C)C)c2)CCCCC1,67.0
CHEMBL2408736,CHEMBL2408736,CC(=O)N[C@@H](Cc1cc(F)cc(F)c1)[C@H](O)CN[C@H]1CCN(C)c2ccc(CC(C)(C)C)cc21,68.0
CHEMBL3264805,CHEMBL3264805,CCCN(CCC)C(=O)c1cc(C(=O)N[C@@H](Cc2ccccc2)[C@H](O)CNC(C)(C)c2cncc(OC)c2)cc(N2CCCCC2)c1,68.0
CHEMBL4465469,CHEMBL4465469,C[C@@H]1NC(=O)C[C@H](O)[C@H](Cc2ccccc2)NC(=O)CCCCCCCCCCCNC1=O,68.0
CHEMBL4755601,CHEMBL4755601,Cc1ccc(S(=O)(=O)N(C)C)cc1NC(=O)[C@@H](CC1CCCCC1)NC(=N)NC(=O)Cc1cccc(C(F)(F)F)c1.O=C(O)C(F)(F)F,69.0
CHEMBL4778127,CHEMBL4778127,Cc1ccc(S(=O)(=O)N(C)C)cc1NC(=O)[C@@H](CC1CCCCC1)NC(=N)NC(=O)Cc1ccc(Cl)c(Cl)c1.O=C(O)C(F)(F)F,70.0
CHEMBL436104,CHEMBL436104,CCCCNC(=O)[C@@H](NC(=O)[C@H]1[C@H]([C@H](O)[C@H](CC(C)C)NC(=O)[C@H](CCSC)NC(=O)[C@H](CC(C)C)NC(C)=O)CC(=O)N1C)C(C)C,70.0
CHEMBL2408744,CHEMBL2408744,CC(=O)N[C@@H](Cc1cc(F)cc(F)c1)[C@H](O)CN[C@H]1CCOc2ccc(CC(C)(C)C#N)cc21,70.0
CHEMBL2181012,CHEMBL2181012,COC(=O)[C@@H]1CCCN1C(=O)[C@@H](Cc1ccccc1)N(C)C(=O)[C@H](C)NC(=O)[C@H](CC(C)C)NC(=O)C[C@H](O)[C@H](Cc1ccccc1)NC(C)=O,71.7
CHEMBL6011810,CHEMBL6011810,CCOc1cc(CC(=O)NC(=N)N[C@H](CC2CCCCC2)C(=O)NCc2ccc(F)c(OC)c2)ccc1OC,72.0
CHEMBL5995043,CHEMBL5995043,COc1ccc(CC(=O)NC(=N)N[C@H](CC2CCCCC2)C(=O)NCC(C)C)cc1OC,72.0
CHEMBL5569502,CHEMBL5569502,CC(C)CC(=O)N[C@@H](C(=O)N[C@H](C(=O)N[C@@H](CCSC(F)(F)F)[C@@H](O)CC(=O)N[C@@H](C)C(=O)N[C@@H](CC(C)C)[C@@H](O)CC(=O)O)C(C)C)C(C)C,72.0
CHEMBL2407488,CHEMBL2407488,CCc1ccc2c(c1)[C@@H](NC[C@@H](O)[C@@H]1Cc3cccc(c3)CCCCn3cc(ccc3=O)C(=O)N1)CC1(CCC1)O2,72.0
CHEMBL6055360,CHEMBL6055360,COc1cc(CNC(=O)[C@@H](CCc2ccccc2)NC(=N)NC(=O)Cc2ccc(OC)c(OC)c2)ccc1F,74.0
CHEMBL2408765,CHEMBL2408765,CC(=O)N[C@@H](Cc1cc(F)cc(F)c1)[C@H](O)CN[C@H]1CCCc2ccc(C(C)(C)C)cc21,74.0
CHEMBL5932529,CHEMBL5932529,COc1cc(CNC(=O)[C@@H](CC2CCCCC2)NC(=N)NC(=O)Cc2ccc(C(F)(F)F)cc2Br)ccc1F,74.0
CHEMBL2408763,CHEMBL2408763,CCCCc1ccc2c(c1)[C@@H](NC[C@@H](O)[C@H](Cc1cc(F)cc(F)c1)NC(C)=O)CCC2,77.0
CHEMBL2407341,CHEMBL2407341,C=CCc1cccc(C[C@H](NC(=O)c2cc(-c3ccccn3)c(=O)n(CC=C)c2)[C@H](O)CN[C@H]2CC3(CCC3)Oc3ccc(CC)cc32)c1,78.0
CHEMBL5869626,CHEMBL5869626,COc1cccc(CNC(=O)[C@@H](Cc2ccccc2)NC(=N)NC(=O)Cc2ccc(OC)c(OC)c2)c1,78.0
CHEMBL5808996,CHEMBL5808996,COc1ccc(CC(=O)NC(=N)N[C@H](CC2CCCCC2)C(=O)NCC(C)C)c(F)c1,80.0
CHEMBL584731,CHEMBL584731,CC(=O)N[C@@H](Cc1cc(F)cc(F)c1)[C@H](O)CN[C@@]1(c2cccc(C(C)(C)C)c2)CC[C@H](C)NC1,80.0
CHEMBL2408742,CHEMBL2408742,CC(=O)N[C@@H](Cc1cc(F)cc(F)c1)[C@H](O)CN[C@H]1CCOc2ccc(CC(C)(C)F)cc21,80.0
CHEMBL3321934,CHEMBL3321934,COc1ccc(CC(=O)NC(=N)N[C@H](CC2CCCCC2)C(=O)NCc2ccc(-c3nnn[nH]3)c(F)c2)cc1OC,81.0
CHEMBL3961078,CHEMBL3961078,CC[C@H](C)[C@H](NC(=O)C[C@H](N)[C@H](Cc1ccccc1)NC(=O)[C@@H](NC(=O)Cc1cccc(NS(C)(=O)=O)c1)C(C)C)C(=O)N[C@H](C(=O)OC)C(C)C,81.0
CHEMBL3965776,CHEMBL3965776,CC[C@H](C)[C@H](NC(=O)C[C@H](N)[C@H](Cc1ccccc1)NC(=O)[C@@H](NC(=O)[C@@H](N)Cc1ccccc1)C(C)C)C(=O)N[C@H](C(=O)OC)C(C)C,81.0
CHEMBL6016314,CHEMBL6016314,COc1ccc(CCNC(=O)C(Cc2ccccc2)NC(=N)NC(=O)Cc2ccc(OC)c(OC)c2)cc1OC,82.0
CHEMBL5871603,CHEMBL5871603,COc1ccc(CC(=O)NC(=N)N[C@H](Cc2ccccc2)C(=O)NCc2ccc(S(N)(=O)=O)cc2)cc1OC,82.0
CHEMBL4786011,CHEMBL4786011,COc1ccc(CC(=O)NC(=N)N[C@@H](C(=O)Nc2cc(S(N)(=O)=O)ccc2C)C2=CCC=CC2)cc1OC.O=C(O)C(F)(F)F,83.0
CHEMBL4777316,CHEMBL4777316,COc1ccc(CC(=O)NC(=N)N[C@H](CC(C)C)C(=O)Nc2cc(S(N)(=O)=O)ccc2C)cc1OC.O=C(O)C(F)(F)F,84.0
CHEMBL5904458,CHEMBL5904458,COc1cc(CNC(=O)[C@@H](CC2CCCCC2)NC(=N)NC(=O)Cc2ccc(F)c(C(F)(F)F)c2)ccc1F,84.0
CHEMBL569608,CHEMBL569608,CS[C@H]1CC[C@@](NC[C@@H](O)[C@H](Cc2cc(F)cc(F)c2)NC(C)=O)(c2cccc(C(C)(C)C)c2)CN1,84.0
CHEMBL4756722,CHEMBL4756722,COc1ccc(CC(=O)NC(=N)N[C@H](CC2CCCCC2)C(=O)Nc2cc(S(=O)(=O)N3CCN(C)CC3)ccc2C)cc1OC.O=C(O)C(F)(F)F,86.0
CHEMBL5885980,CHEMBL5885980,COc1cc(C2(NC(=O)[C@@H](CC(C)C)NC(=N)NC(=O)Cc3ccc(OC)c(OC)c3)CC2)ccc1F,86.0
CHEMBL5976816,CHEMBL5976816,COc1ccc(CC(=O)NC(=N)N[C@H](CC2CCCCC2)C(=O)NCc2ccc(F)c(-c3nn[nH]n3)c2)cc1OC,88.0
CHEMBL5993400,CHEMBL5993400,COc1ccc(CC(=O)NC(=N)N[C@H](CC2CCCCC2)C(=O)NCc2cccc(-c3nnc(O)o3)c2)cc1OC,89.0
CHEMBL2181021,CHEMBL2181021,COC(=O)[C@@H]1CCCN1C(=O)[C@@H](Cc1ccccc1)NC(=O)[C@H](C)NC(=O)[C@H](CC(C)C)NC(=O)C[C@H](O)[C@H](Cc1ccccc1)NC(=O)[C@H](CCC(N)=O)N(C)C(=O)[C@@H](NC(=O)[C@H](C)O)C(C)C,89.3
CHEMBL570519,CHEMBL570519,CC(=O)N[C@@H](Cc1cc(F)cc(F)c1)[C@H](O)CNC1(c2cccc(C(C)(C)C)c2)CCCN(C(N)=O)C1,90.0
CHEMBL1257891,CHEMBL1257891,CC(=O)N[C@@H](Cc1cc(F)cc(F)c1)[C@H](O)CNC1(c2cc(O)cc(C(C)(C)C)c2)CCCCC1,90.0
CHEMBL5992642,CHEMBL5992642,COc1ccc(CNC(=O)[C@@H](Cc2ccccc2)NC(=N)NC(=O)Cc2cc(OC)c(OC)cc2Br)cc1OC,90.0
CHEMBL5862488,CHEMBL5862488,COC(=O)c1ccc(CNC(=O)[C@@H](CC2CCCCC2)NC(=N)NC(=O)Cc2ccc(OC)c(OC)c2)cc1,90.0
CHEMBL190010,CHEMBL190010,CSCC[C@H](NC(=O)[C@H](CC(C)C)NC(C)=O)C(=O)N[C@@H](CC(C)C)[C@@H](O)[C@@H]1CCC[C@H]1C(=O)N[C@@H](C)C(=O)O,90.0
CHEMBL5853534,CHEMBL5853534,COc1cc(F)c(CC(=O)NC(=N)N[C@H](CC2CCCCC2)C(=O)NCC(C)C)c(F)c1,91.0
CHEMBL3321932,CHEMBL3321932,COc1ccc(CC(=O)NC(=N)N[C@H](CC2CCCCC2)C(=O)NCc2cccc(-c3nnn[nH]3)c2)cc1OC,92.0
CHEMBL5763890,CHEMBL5763890,COc1ccc(CC(=O)NC(=N)N[C@H](CC2CCCCC2)C(=O)NCc2cccc(-n3cncn3)c2)cc1OC,93.0
CHEMBL4564735,CHEMBL4564735,NC1=N[C@@]2(CO1)c1cc(-c3cccnc3F)ccc1Oc1c2cc(C2=CCCOC2)nc1F,93.0
